{
  "000_000": {
    "edges": [],
    "local_location": [
      111.79926300048828,
      19.852882385253906,
      0.0
    ]
  },
  "000_001": {
    "edges": [],
    "local_location": [
      112.0178451538086,
      27.028236389160156,
      0.0
    ]
  },
  "000_002": {
    "edges": [],
    "local_location": [
      112.0271224975586,
      32.01051330566406,
      0.0
    ]
  },
  "000_003": {
    "edges": [],
    "local_location": [
      117.99163818359375,
      32.047359466552734,
      0.0
    ]
  },
  "000_004": {
    "edges": [],
    "local_location": [
      117.95724487304688,
      27.03778648376465,
      0.0
    ]
  },
  "000_005": {
    "edges": [],
    "local_location": [
      117.9174575805664,
      18.977214813232422,
      0.0
    ]
  },
  "000_006": {
    "edges": [],
    "local_location": [
      123.96701049804688,
      18.99744415283203,
      0.0
    ]
  },
  "000_007": {
    "edges": [],
    "local_location": [
      134.00613403320312,
      19.029781341552734,
      0.0
    ]
  },
  "000_008": {
    "edges": [],
    "local_location": [
      143.94998168945312,
      19.00819969177246,
      0.0
    ]
  },
  "000_009": {
    "edges": [],
    "local_location": [
      152.97743225097656,
      19.032901763916016,
      0.0
    ]
  },
  "000_010": {
    "edges": [],
    "local_location": [
      162.98728942871094,
      18.979713439941406,
      0.0
    ]
  },
  "000_011": {
    "edges": [],
    "local_location": [
      172.02903747558594,
      19.046600341796875,
      0.0
    ]
  },
  "000_012": {
    "edges": [],
    "local_location": [
      179.99618530273438,
      19.015960693359375,
      0.0
    ]
  },
  "000_013": {
    "edges": [],
    "local_location": [
      180.0217742919922,
      25.048280715942383,
      0.0
    ]
  },
  "000_014": {
    "edges": [],
    "local_location": [
      171.94850158691406,
      25.017858505249023,
      0.0
    ]
  },
  "000_015": {
    "edges": [],
    "local_location": [
      162.98211669921875,
      25.022905349731445,
      0.0
    ]
  },
  "000_016": {
    "edges": [],
    "local_location": [
      152.97157287597656,
      25.034011840820312,
      0.0
    ]
  },
  "000_017": {
    "edges": [],
    "local_location": [
      143.97886657714844,
      25.038183212280273,
      0.0
    ]
  },
  "000_018": {
    "edges": [],
    "local_location": [
      134.00868225097656,
      25.053211212158203,
      0.0
    ]
  },
  "000_019": {
    "edges": [],
    "local_location": [
      123.96722412109375,
      25.03408432006836,
      0.0
    ]
  },
  "000_020": {
    "edges": [],
    "local_location": [
      123.9329833984375,
      29.052396774291992,
      0.0
    ]
  },
  "000_021": {
    "edges": [],
    "local_location": [
      133.96981811523438,
      29.020904541015625,
      0.0
    ]
  },
  "000_022": {
    "edges": [],
    "local_location": [
      144.00611877441406,
      29.016311645507812,
      0.0
    ]
  },
  "000_023": {
    "edges": [],
    "local_location": [
      152.9500732421875,
      28.9865779876709,
      0.0
    ]
  },
  "000_024": {
    "edges": [],
    "local_location": [
      162.9871368408203,
      29.07461929321289,
      0.0
    ]
  },
  "000_025": {
    "edges": [],
    "local_location": [
      171.96768188476562,
      28.981075286865234,
      0.0
    ]
  },
  "000_026": {
    "edges": [],
    "local_location": [
      180.0237274169922,
      29.058116912841797,
      0.0
    ]
  },
  "000_027": {
    "edges": [],
    "local_location": [
      179.99545288085938,
      35.066162109375,
      0.0
    ]
  },
  "000_028": {
    "edges": [],
    "local_location": [
      171.94610595703125,
      35.07162857055664,
      0.0
    ]
  },
  "000_029": {
    "edges": [],
    "local_location": [
      162.9439697265625,
      35.118289947509766,
      0.0
    ]
  },
  "000_030": {
    "edges": [],
    "local_location": [
      152.98623657226562,
      35.02290344238281,
      0.0
    ]
  },
  "000_031": {
    "edges": [],
    "local_location": [
      143.95803833007812,
      35.114402770996094,
      0.0
    ]
  },
  "000_032": {
    "edges": [],
    "local_location": [
      133.94757080078125,
      35.05998611450195,
      0.0
    ]
  },
  "000_033": {
    "edges": [],
    "local_location": [
      123.9375228881836,
      35.07268524169922,
      0.0
    ]
  },
  "000_034": {
    "edges": [],
    "local_location": [
      117.96253967285156,
      37.06235885620117,
      0.0
    ]
  },
  "000_035": {
    "edges": [],
    "local_location": [
      124.02423858642578,
      38.110748291015625,
      0.0
    ]
  },
  "000_036": {
    "edges": [],
    "local_location": [
      134.02867126464844,
      38.05782699584961,
      0.0
    ]
  },
  "000_037": {
    "edges": [],
    "local_location": [
      143.9945526123047,
      38.01243591308594,
      0.0
    ]
  },
  "000_038": {
    "edges": [],
    "local_location": [
      152.92538452148438,
      38.07304382324219,
      0.0
    ]
  },
  "000_039": {
    "edges": [],
    "local_location": [
      162.9685821533203,
      38.170013427734375,
      0.0
    ]
  },
  "000_040": {
    "edges": [],
    "local_location": [
      171.896728515625,
      38.09730529785156,
      0.0
    ]
  },
  "000_041": {
    "edges": [],
    "local_location": [
      180.048095703125,
      38.060916900634766,
      0.0
    ]
  },
  "000_042": {
    "edges": [],
    "local_location": [
      180.01187133789062,
      45.02262496948242,
      0.0
    ]
  },
  "000_043": {
    "edges": [],
    "local_location": [
      171.96424865722656,
      45.094905853271484,
      0.0
    ]
  },
  "000_044": {
    "edges": [],
    "local_location": [
      162.9528350830078,
      45.10694885253906,
      0.0
    ]
  },
  "000_045": {
    "edges": [],
    "local_location": [
      152.94210815429688,
      45.10389709472656,
      0.0
    ]
  },
  "000_046": {
    "edges": [],
    "local_location": [
      143.87155151367188,
      45.106414794921875,
      0.0
    ]
  },
  "000_047": {
    "edges": [],
    "local_location": [
      133.94363403320312,
      45.02903747558594,
      0.0
    ]
  },
  "000_048": {
    "edges": [],
    "local_location": [
      123.95767211914062,
      44.988101959228516,
      0.0
    ]
  },
  "000_049": {
    "edges": [],
    "local_location": [
      117.98960876464844,
      45.04739761352539,
      0.0
    ]
  },
  "000_050": {
    "edges": [],
    "local_location": [
      108.9441146850586,
      37.05778503417969,
      0.0
    ]
  },
  "000_051": {
    "edges": [],
    "local_location": [
      111.35556030273438,
      39.44568634033203,
      0.0
    ]
  },
  "000_052": {
    "edges": [],
    "local_location": [
      111.00582885742188,
      44.978965759277344,
      0.0
    ]
  },
  "000_053": {
    "edges": [
      "000_054"
    ],
    "local_location": [
      107.08944702148438,
      40.56947326660156,
      0.0
    ]
  },
  "000_054": {
    "edges": [
      "000_053"
    ],
    "local_location": [
      107.01200866699219,
      42.520782470703125,
      0.0
    ]
  },
  "000_055": {
    "edges": [],
    "local_location": [
      103.9972152709961,
      38.0096321105957,
      0.0
    ]
  },
  "000_056": {
    "edges": [
      "000_059"
    ],
    "local_location": [
      104.01490020751953,
      41.039825439453125,
      0.0
    ]
  },
  "000_057": {
    "edges": [
      "000_058"
    ],
    "local_location": [
      104.0243911743164,
      45.07484817504883,
      0.0
    ]
  },
  "000_058": {
    "edges": [
      "000_057",
      "000_063"
    ],
    "local_location": [
      101.81576538085938,
      45.04831314086914,
      0.0
    ]
  },
  "000_059": {
    "edges": [
      "000_056"
    ],
    "local_location": [
      101.99295806884766,
      40.97118377685547,
      0.0
    ]
  },
  "000_060": {
    "edges": [],
    "local_location": [
      96.4542465209961,
      38.01957702636719,
      0.0
    ]
  },