{
  "000_000": {
    "edges": [
      "000_001"
    ],
    "local_location": [
      66.4229965209961,
      161.62164306640625,
      0.0
    ]
  },
  "000_001": {
    "edges": [
      "000_002",
      "000_000",
      "000_031"
    ],
    "local_location": [
      72.60958862304688,
      164.6824951171875,
      0.0
    ]
  },
  "000_002": {
    "edges": [
      "000_001",
      "000_003",
      "000_009"
    ],
    "local_location": [
      71.22913360595703,
      156.5028533935547,
      0.0
    ]
  },
  "000_003": {
    "edges": [
      "000_002",
      "000_004"
    ],
    "local_location": [
      63.10429000854492,
      156.50283813476562,
      0.0
    ]
  },
  "000_004": {
    "edges": [
      "000_005",
      "000_003"
    ],
    "local_location": [
      63.07628631591797,
      150.79042053222656,
      0.0
    ]
  },
  "000_005": {
    "edges": [
      "000_004",
      "000_006"
    ],
    "local_location": [
      63.21704864501953,
      141.09494018554688,
      0.0
    ]
  },
  "000_006": {
    "edges": [
      "000_007",
      "000_005"
    ],
    "local_location": [
      63.09218215942383,
      134.5134735107422,
      0.0
    ]
  },
  "000_007": {
    "edges": [
      "000_008",
      "000_006",
      "000_010"
    ],
    "local_location": [
      71.76073455810547,
      134.5134735107422,
      0.0
    ]
  },
  "000_008": {
    "edges": [
      "000_009",
      "000_007"
    ],
    "local_location": [
      71.13235473632812,
      141.15826416015625,
      0.0
    ]
  },
  "000_009": {
    "edges": [
      "000_008",
      "000_002"
    ],
    "local_location": [
      71.20453643798828,
      150.80001831054688,
      0.0
    ]
  },
  "000_010": {
    "edges": [
      "000_011",
      "000_026"
    ],
    "local_location": [
      71.85746002197266,
      122.50326538085938,
      0.0
    ]
  },
  "000_011": {
    "edges": [
      "000_012",
      "000_010"
    ],
    "local_location": [
      71.89796447753906,
      112.71839904785156,
      0.0
    ]
  },
  "000_012": {
    "edges": [
      "000_013",
      "000_011",
      "000_019"
    ],
    "local_location": [
      71.55438995361328,
      107.5074462890625,
      0.0
    ]
  },
  "000_013": {
    "edges": [
      "000_014",
      "000_012"
    ],
    "local_location": [
      61.991424560546875,
      107.22114562988281,
      0.0
    ]
  },
  "000_014": {
    "edges": [
      "000_013",
      "000_015"
    ],
    "local_location": [
      62.16322326660156,
      102.81187438964844,
      0.0
    ]
  },
  "000_015": {
    "edges": [
      "000_014",
      "000_016"
    ],
    "local_location": [
      62.05302810668945,
      93.02533721923828,
      0.0
    ]
  },
  "000_016": {
    "edges": [
      "000_017",
      "000_015"
    ],
    "local_location": [
      62.0045166015625,
      86.29460906982422,
      0.0
    ]
  },
  "000_017": {
    "edges": [
      "000_018",
      "000_016",
      "000_020"
    ],
    "local_location": [
      71.94554901123047,
      86.46598815917969,
      0.0
    ]
  },
  "000_018": {
    "edges": [
      "000_017",
      "000_019"
    ],
    "local_location": [
      71.66590118408203,
      93.02533721923828,
      0.0
    ]
  },
  "000_019": {
    "edges": [
      "000_018",
      "000_012"
    ],
    "local_location": [
      71.7261734008789,
      102.8118667602539,
      0.0
    ]
  },
  "000_020": {
    "edges": [
      "000_021",
      "000_017"
    ],
    "local_location": [
      72.1348648071289,
      78.13711547851562,
      0.0
    ]
  },
  "000_021": {
    "edges": [
      "000_022",
      "000_020",
      "000_041"
    ],
    "local_location": [
      80.90707397460938,
      78.35043334960938,
      0.0
    ]
  },
  "000_022": {
    "edges": [
      "000_023",
      "000_021"
    ],
    "local_location": [
      80.90531921386719,
      83.62969970703125,
      0.0
    ]
  },
  "000_023": {
    "edges": [
      "000_022",
      "000_024"
    ],
    "local_location": [
      80.5307388305664,
      93.34347534179688,
      0.0
    ]
  },
  "000_024": {
    "edges": [
      "000_023",
      "000_025"
    ],
    "local_location": [
      80.09246063232422,
      102.84856414794922,
      0.0
    ]
  },
  "000_025": {
    "edges": [
      "000_026",
      "000_024"
    ],
    "local_location": [
      79.61469268798828,
      112.28511810302734,
      0.0
    ]
  },
  "000_026": {
    "edges": [
      "000_027",
      "000_025",
      "000_010"
    ],
    "local_location": [
      79.73804473876953,
      122.1112289428711,
      0.0
    ]
  },
  "000_027": {
    "edges": [
      "000_026",
      "000_028"
    ],
    "local_location": [
      79.8869857788086,
      131.38714599609375,
      0.0
    ]
  },
  "000_028": {
    "edges": [
      "000_027",
      "000_029"
    ],
    "local_location": [
      79.67221069335938,
      140.9366912841797,
      0.0
    ]
  },
  "000_029": {
    "edges": [
      "000_028",
      "000_030"
    ],
    "local_location": [
      79.27115631103516,
      150.85577392578125,
      0.0
    ]
  },
  "000_030": {
    "edges": [
      "000_029",
      "000_031"
    ],
    "local_location": [
      79.22138214111328,
      160.21670532226562,
      0.0
    ]
  },
  "000_031": {
    "edges": [
      "000_032",
      "000_030",
      "000_001"
    ],
    "local_location": [
      79.5086441040039,
      165.040771484375,
      0.0
    ]
  },
  "000_032": {
    "edges": [
      "000_033",
      "000_031",
      "000_050"
    ],
    "local_location": [
      133.14976501464844,
      164.47535705566406,
      0.0
    ]
  },
  "000_033": {
    "edges": [
      "000_034",
      "000_032"
    ],
    "local_location": [
      133.02301025390625,
      160.3747100830078,
      0.0
    ]
  },
  "000_034": {
    "edges": [
      "000_035",
      "000_033"
    ],
    "local_location": [
      133.02395629882812,
      150.7710418701172,
      0.0
    ]
  },
  "000_035": {
    "edges": [
      "000_036",
      "000_034"
    ],
    "local_location": [
      132.6627655029297,
      141.25852966308594,
      0.0
    ]
  },
  "000_036": {
    "edges": [
      "000_035",
      "000_037"
    ],
    "local_location": [
      132.93031311035156,
      131.55963134765625,
      0.0
    ]
  },
  "000_037": {
    "edges": [
      "000_036",
      "000_038"
    ],
    "local_location": [
      132.62046813964844,
      112.93258666992188,
      0.0
    ]
  },
  "000_038": {
    "edges": [
      "000_037",
      "000_039"
    ],
    "local_location": [
      132.71356201171875,
      102.73881530761719,
      0.0
    ]
  },
  "000_039": {
    "edges": [
      "000_040",
      "000_038"
    ],
    "local_location": [
      132.6204833984375,
      93.10362243652344,
      0.0
    ]
  },
  "000_040": {
    "edges": [
      "000_041",
      "000_039"
    ],
    "local_location": [
      132.90048217773438,
      83.23011779785156,
      0.0
    ]
  },
  "000_041": {
    "edges": [
      "000_042",
      "000_040",
      "000_021"
    ],
    "local_location": [
      132.82273864746094,
      76.01907348632812,
      0.0
    ]
  },
  "000_042": {
    "edges": [
      "000_043",
      "000_041"
    ],
    "local_location": [
      140.45733642578125,
      75.97252655029297,
      0.0
    ]
  },
  "000_043": {
    "edges": [
      "000_042",
      "000_044",
      "000_068"
    ],
    "local_location": [
      141.2021484375,
      86.44677734375,
      0.0
    ]
  },
  "000_044": {
    "edges": [
      "000_043",
      "000_045"
    ],
    "local_location": [
      141.32476806640625,
      93.44700622558594,
      0.0
    ]
  },
  "000_045": {
    "edges": [
      "000_044",
      "000_069"
    ],
    "local_location": [
      140.94955444335938,
      102.89881134033203,
      0.0
    ]
  },
  "000_046": {
    "edges": [
      "000_069",
      "000_047"
    ],
    "local_location": [
      140.62478637695312,
      120.23346710205078,
      0.0
    ]
  },