{
  "000_000": {
    "edges": [
      "000_001"
    ],
    "local_location": [
      16.981637954711914,
      -58.95936965942383,
      0.0
    ]
  },
  "000_001": {
    "edges": [
      "000_000",
      "000_002",
      "000_006"
    ],
    "local_location": [
      4.992337703704834,
      -59.03208923339844,
      0.0
    ]
  },
  "000_002": {
    "edges": [
      "000_001",
      "000_003",
      "000_005"
    ],
    "local_location": [
      -5.008560657501221,
      -59.064453125,
      0.0
    ]
  },
  "000_003": {
    "edges": [
      "000_002",
      "000_004",
      "000_007"
    ],
    "local_location": [
      -17.01611328125,
      -58.99971008300781,
      0.0
    ]
  },
  "000_004": {
    "edges": [
      "000_003",
      "000_005"
    ],
    "local_location": [
      -16.95138168334961,
      -70.97489929199219,
      0.0
    ]
  },
  "000_005": {
    "edges": [
      "000_004",
      "000_006",
      "000_002"
    ],
    "local_location": [
      -5.040926456451416,
      -71.00726318359375,
      0.0
    ]
  },
  "000_006": {
    "edges": [
      "000_005",
      "000_001"
    ],
    "local_location": [
      5.1541643142700195,
      -71.03962707519531,
      0.0
    ]
  },
  "000_007": {
    "edges": [
      "000_003",
      "000_008"
    ],
    "local_location": [
      -17.048477172851562,
      -52.0411491394043,
      0.0
    ]
  },
  "000_008": {
    "edges": [
      "000_007",
      "000_009"
    ],
    "local_location": [
      -4.911463737487793,
      -52.0411491394043,
      0.0
    ]
  },
  "000_009": {
    "edges": [
      "000_008",
      "000_010"
    ],
    "local_location": [
      4.959973335266113,
      -51.976417541503906,
      0.0
    ]
  },
  "000_010": {
    "edges": [
      "000_009"
    ],
    "local_location": [
      23.375869750976562,
      -49.38719940185547,
      0.0
    ]
  }
}