{
  "000_000": {
    "edges": [
      "000_002",
      "000_004"
    ],
    "local_location": [
      2.019416332244873,
      -3.84340500831604,
      0.0
    ]
  },
  "000_001": {
    "edges": [
      "000_002",
      "000_003"
    ],
    "local_location": [
      0.7491393089294434,
      -4.234259128570557,
      0.0
    ]
  },
  "000_002": {
    "edges": [
      "000_000",
      "000_001",
      "000_005"
    ],
    "local_location": [
      1.3679919242858887,
      -4.006261348724365,
      0.0
    ]
  },
  "000_003": {
    "edges": [
      "000_001"
    ],
    "local_location": [
      0.5537106394767761,
      -3.28969407081604,
      0.0
    ]
  },
  "000_004": {
    "edges": [
      "000_000"
    ],
    "local_location": [
      1.8565596342086792,
      -2.410271167755127,
      0.0
    ]
  },
  "000_005": {
    "edges": [
      "000_002"
    ],
    "local_location": [
      -0.6034294366836548,
      -3.738417625427246,
      0.0
    ]
  }
}