{
  "000_000": {
    "edges": [],
    "local_location": [
      1.1356396675109863,
      1.9029638767242432,
      0.0
    ]
  },
  "000_001": {
    "edges": [
      "000_002"
    ],
    "local_location": [
      0.5422424674034119,
      -0.3683154881000519,
      0.0
    ]
  },
  "000_002": {
    "edges": [
      "000_001",
      "000_003"
    ],
    "local_location": [
      -0.7673242092132568,
      -0.286467969417572,
      0.0
    ]
  },
  "000_003": {
    "edges": [
      "000_002"
    ],
    "local_location": [
      -1.974581003189087,
      -0.3683154881000519,
      0.0
    ]
  }
}