{
  "000_000": {
    "edges": [
      "000_002",
      "000_004",
      "000_008",
      "000_009",
      "000_010"
    ],
    "local_location": [
      3.3297972679138184,
      -3.4241983890533447,
      0.0
    ]
  },
  "000_001": {
    "edges": [],
    "local_location": [
      -4.665174961090088,
      -3.186948299407959,
      0.0
    ]
  },
  "000_002": {
    "edges": [
      "000_000",
      "000_003",
      "000_008",
      "000_010"
    ],
    "local_location": [
      1.583016276359558,
      -3.374645471572876,
      0.0
    ]
  },
  "000_003": {
    "edges": [
      "000_002"
    ],
    "local_location": [
      -0.0918932557106018,
      -3.3018226623535156,
      0.0
    ]
  },
  "000_004": {
    "edges": [
      "000_000",
      "000_005",
      "000_008",
      "000_010"
    ],
    "local_location": [
      4.656111717224121,
      -3.31638765335083,
      0.0
    ]
  },
  "000_005": {
    "edges": [
      "000_004"
    ],
    "local_location": [
      4.788575172424316,
      -1.6417092084884644,
      0.0
    ]
  },
  "000_006": {
    "edges": [],
    "local_location": [
      4.814470291137695,
      1.1377307176589966,
      0.0
    ]
  },
  "000_007": {
    "edges": [],
    "local_location": [
      -0.712955117225647,
      -3.8003287315368652,
      0.0
    ]
  },
  "000_008": {
    "edges": [
      "000_000",
      "000_002",
      "000_004",
      "000_009",
      "000_010"
    ],
    "local_location": [
      3.425818681716919,
      -3.1611099243164062,
      0.0
    ]
  },
  "000_009": {
    "edges": [
      "000_000",
      "000_008",
      "000_010"
    ],
    "local_location": [
      3.5813541412353516,
      -2.5768675804138184,
      0.0
    ]
  },
  "000_010": {
    "edges": [
      "000_000",
      "000_002",
      "000_004",
      "000_008",
      "000_009"
    ],
    "local_location": [
      3.515725612640381,
      -3.4574062824249268,
      0.0
    ]
  }
}