{
  "000_000": {
    "edges": [],
    "local_location": [
      144.2,
      190.65,
      0.0
    ]
  },
  "000_001": {
    "edges": [
      "000_002"
    ],
    "local_location": [
      39.57471466064453,
      28.045612335205078,
      0.0
    ]
  },
  "000_002": {
    "edges": [
      "000_001",
      "000_003",
      "000_006"
    ],
    "local_location": [
      48.15629577636719,
      27.011226654052734,
      0.0
    ]
  },
  "000_003": {
    "edges": [
      "000_002",
      "000_004"
    ],
    "local_location": [
      49.65040969848633,
      21.41787338256836,
      0.0
    ]
  },
  "000_004": {
    "edges": [
      "000_003",
      "000_005"
    ],
    "local_location": [
      57.47367858886719,
      19.6710147857666,
      0.0
    ]
  },
  "000_005": {
    "edges": [
      "000_004"
    ],
    "local_location": [
      59.29970932006836,
      27.267311096191406,
      0.0
    ]
  },
  "000_006": {
    "edges": [
      "000_002"
    ],
    "local_location": [
      52.993812561035156,
      27.851642608642578,
      0.0
    ]
  },
  "000_012": {
    "edges": [
      "000_013"
    ],
    "local_location": [
      39.67594528198242,
      18.331924438476562,
      0.0
    ]
  },
  "000_013": {
    "edges": [
      "000_012"
    ],
    "local_location": [
      47.49136734008789,
      18.69713020324707,
      0.0
    ]
  }
}