{
  "000_000": {
    "edges": [],
    "local_location": [
      40.146263122558594,
      26.906005859375,
      0.0
    ]
  },
  "000_002": {
    "edges": [
      "000_006"
    ],
    "local_location": [
      50.078433990478516,
      17.00802230834961,
      0.0
    ]
  },
  "000_004": {
    "edges": [
      "000_005",
      "000_007"
    ],
    "local_location": [
      44.9068603515625,
      8.05348014831543,
      0.0
    ]
  },
  "000_005": {
    "edges": [
      "000_004",
      "000_006"
    ],
    "local_location": [
      45.002262115478516,
      12.899785995483398,
      0.0
    ]
  },
  "000_006": {
    "edges": [
      "000_005",
      "000_007",
      "000_002"
    ],
    "local_location": [
      50.0576171875,
      12.959454536437988,
      0.0
    ]
  },
  "000_007": {
    "edges": [
      "000_006",
      "000_004"
    ],
    "local_location": [
      50.03443908691406,
      7.942032814025879,
      0.0
    ]
  },
  "000_009": {
    "edges": [],
    "local_location": [
      45.0955810546875,
      22.135496139526367,
      0.0
    ]
  }
}