{
  "000_000": {
    "edges": [],
    "local_location": [
      40.146263122558594,
      26.906005859375,
      0.0
    ]
  },
  "000_004": {
    "edges": [
      "000_005",
      "000_007"
    ],
    "local_location": [
      44.9068603515625,
      8.05348014831543,
      0.0
    ]
  },
  "000_005": {
    "edges": [
      "000_004",
      "000_006"
    ],
    "local_location": [
      45.002262115478516,
      12.899785995483398,
      0.0
    ]
  },
  "000_006": {
    "edges": [
      "000_005",
      "000_007",
      "000_010"
    ],
    "local_location": [
      50.0576171875,
      12.959454536437988,
      0.0
    ]
  },
  "000_007": {
    "edges": [
      "000_006",
      "000_004"
    ],
    "local_location": [
      50.03443908691406,
      7.942032814025879,
      0.0
    ]
  },
  "000_009": {
    "edges": [
      "000_010"
    ],
    "local_location": [
      47.03675842285156,
      22.002355575561523,
      0.0
    ]
  },
  "000_010": {
    "edges": [
      "000_009",
      "000_006"
    ],
    "local_location": [
      50.05461120605469,
      22.025392532348633,
      0.0
    ]
  }
}