{
  "000_000": {
    "edges": [
      "000_001"
    ],
    "local_location": [
      17.106731414794922,
      -58.832481384277344,
      0.0
    ]
  },
  "000_001": {
    "edges": [
      "000_000",
      "000_002",
      "000_006"
    ],
    "local_location": [
      3.9120168685913086,
      -59.15727233886719,
      0.0
    ]
  },
  "000_002": {
    "edges": [
      "000_001",
      "000_003",
      "000_005"
    ],
    "local_location": [
      -5.060389041900635,
      -58.95427703857422,
      0.0
    ]
  },
  "000_003": {
    "edges": [
      "000_002",
      "000_004",
      "000_007"
    ],
    "local_location": [
      -17.03713035583496,
      -59.11667251586914,
      0.0
    ]
  },
  "000_004": {
    "edges": [
      "000_003",
      "000_005"
    ],
    "local_location": [
      -16.996530532836914,
      -69.99723815917969,
      0.0
    ]
  },
  "000_005": {
    "edges": [
      "000_004",
      "000_006",
      "000_002"
    ],
    "local_location": [
      -4.897992134094238,
      -70.03783416748047,
      0.0
    ]
  },
  "000_006": {
    "edges": [
      "000_005",
      "000_001"
    ],
    "local_location": [
      3.912018060684204,
      -70.11903381347656,
      0.0
    ]
  },
  "000_007": {
    "edges": [
      "000_003",
      "000_008"
    ],
    "local_location": [
      -16.9559326171875,
      -51.930625915527344,
      0.0
    ]
  },
  "000_008": {
    "edges": [
      "000_007",
      "000_009"
    ],
    "local_location": [
      -4.979190826416016,
      -52.01182556152344,
      0.0
    ]
  },
  "000_009": {
    "edges": [
      "000_008",
      "000_010"
    ],
    "local_location": [
      3.993215560913086,
      -51.80884552001953,
      0.0
    ]
  },
  "000_010": {
    "edges": [
      "000_009"
    ],
    "local_location": [
      23.724390029907227,
      -49.454097747802734,
      0.0
    ]
  }
}