{
  "000_000": {
    "edges": [
      "000_001"
    ],
    "local_location": [
      12.946991920471191,
      -59.05274963378906,
      0.0
    ]
  },
  "000_001": {
    "edges": [
      "000_000",
      "000_002",
      "000_006"
    ],
    "local_location": [
      3.950833320617676,
      -58.91592788696289,
      0.0
    ]
  },
  "000_002": {
    "edges": [
      "000_001",
      "000_003",
      "000_005"
    ],
    "local_location": [
      -5.998817443847656,
      -58.941593170166016,
      0.0
    ]
  },
  "000_003": {
    "edges": [
      "000_002",
      "000_004",
      "000_007"
    ],
    "local_location": [
      -17.11574363708496,
      -59.06375503540039,
      0.0
    ]
  },
  "000_004": {
    "edges": [
      "000_003",
      "000_005"
    ],
    "local_location": [
      -16.96303939819336,
      -70.08905029296875,
      0.0
    ]
  },
  "000_005": {
    "edges": [
      "000_004",
      "000_006",
      "000_002"
    ],
    "local_location": [
      -5.998817443847656,
      -69.93635559082031,
      0.0
    ]
  },
  "000_006": {
    "edges": [
      "000_005",
      "000_001"
    ],
    "local_location": [
      4.079714298248291,
      -70.11959838867188,
      0.0
    ]
  },
  "000_007": {
    "edges": [
      "000_003",
      "000_008"
    ],
    "local_location": [
      -16.963035583496094,
      -52.039337158203125,
      0.0
    ]
  },
  "000_008": {
    "edges": [
      "000_007",
      "000_009"
    ],
    "local_location": [
      4.002764701843262,
      -52.00739669799805,
      0.0
    ]
  },
  "000_009": {
    "edges": [
      "000_008"
    ],
    "local_location": [
      23.406400680541992,
      -49.365013122558594,
      0.0
    ]
  }
}