{
  "000_000": {
    "edges": [
      "000_001"
    ],
    "local_location": [
      40.146263122558594,
      26.906005859375,
      0.0
    ]
  },
  "000_001": {
    "edges": [
      "000_000",
      "000_002"
    ],
    "local_location": [
      49.981407165527344,
      27.038700103759766,
      0.0
    ]
  },
  "000_002": {
    "edges": [
      "000_001",
      "000_003",
      "000_006",
      "000_008"
    ],
    "local_location": [
      53.891929626464844,
      18.821109771728516,
      0.0
    ]
  },
  "000_003": {
    "edges": [
      "000_002",
      "000_004",
      "000_005"
    ],
    "local_location": [
      44.98214340209961,
      16.92357063293457,
      0.0
    ]
  },
  "000_004": {
    "edges": [
      "000_003",
      "000_005",
      "000_007"
    ],
    "local_location": [
      44.9068603515625,
      8.05348014831543,
      0.0
    ]
  },
  "000_005": {
    "edges": [
      "000_004",
      "000_006",
      "000_003"
    ],
    "local_location": [
      45.002262115478516,
      12.899785995483398,
      0.0
    ]
  },
  "000_006": {
    "edges": [
      "000_005",
      "000_007",
      "000_002"
    ],
    "local_location": [
      50.0576171875,
      12.959454536437988,
      0.0
    ]
  },
  "000_007": {
    "edges": [
      "000_006",
      "000_004"
    ],
    "local_location": [
      50.03443908691406,
      7.942032814025879,
      0.0
    ]
  },
  "000_008": {
    "edges": [
      "000_002"
    ],
    "local_location": [
      46.36245346069336,
      17.520788192749023,
      0.0
    ]
  }
}